1, 1 I;
2, 2 LIVE;
3, ;
4, ;
5, ;
6, 3 INSIDE;
7, ;
8, ;
9, ;
10, ;
11, ;
12, 4 A;
13, 5 VINELAND;
14, ;
15, ;
16, ;
17, ;
18, ;
19, ;
20, ;
21, 6 AN;
22, ;
23, 7 EDEN;
24, ;
25, ;
26, ;
27, 8 DIVINE;
28, ;
29, ;
30, ;
31, ;
32, ;
33, 9 ALIVE;
34, ;
35, ;
36, ;
37, ;
38, 10 IN;
39, ;
40, 11 ITS;
41, ;
42, ;
43, 12 TINIEST;
44, ;
45, ;
46, ;
47, ;
48, ;
49, ;
50, 13 DETAIL;
51, ;
52, ;
53, ;
54, ;
55, ;
56, 14 STILL;
57, ;
58, ;
59, ;
60, ;
61, 15 I;
62, 16 INSIST;
63, ;
64, ;
65, ;
66, ;
67, ;
68, 17 IT;
69, ;
70, 18 IS;
71, ;
72, 19 A;
73, 20 LAND;
74, ;
75, ;
76, ;
77, 21 IN;
78, ;
79, 22 LEADEN;
80, ;
81, ;
82, ;
83, ;
84, ;
85, 23 DENIAL;
86, ;
87, ;
88, ;
89, ;
90, ;
91, 24 ALL;
92, ;
93, ;
94, 25 TILTED;
95, ;
96, ;
97, ;
98, ;
99, ;
100, 26 ALL;
101, ;
102, ;
103, 27 STAINED;
104, ;
105, ;
106, ;
107, ;
108, ;
109, ;
110, 28 ALL;
111, ;
112, ;
113, 29 ENSLAVED;
114, ;
115, ;
116, ;
117, ;
118, ;
119, ;
120, ;
121, 30 ITS;
122, ;
123, ;
124, 31 SENILE;
125, ;
126, ;
127, ;
128, ;
129, ;
130, 32 DADDIES;
131, ;
132, ;
133, ;
134, ;
135, ;
136, ;
137, 33 STALL;
138, ;
139, ;
140, ;
141, ;
142, 34 ALL;
143, ;
144, ;
145, 35 VITAL;
146, ;
147, ;
148, ;
149, ;
150, 36 IDEALS;
151, ;
152, ;
153, ;
154, ;
155, ;
156, 37 SELL;
157, ;
158, ;
159, ;
160, 38 STALE;
161, ;
162, ;
163, ;
164, ;
165, 39 IDEAS;
166, ;
167, ;
168, ;
169, ;
170, 40 INSTEAD;
171, ;
172, ;
173, ;
174, ;
175, ;
176, ;
177, 41 AND;
178, ;
179, ;
180, 42 DEVISE;
181, ;
182, ;
183, ;
184, ;
185, ;
186, 43 LISTLESS;
187, ;
188, ;
189, ;
190, ;
191, ;
192, ;
193, ;
194, 44 STEALS;
195, ;
196, ;
197, ;
198, ;
199, ;
200, 44 IT;
201, ;
202, 45 IS;
203, ;
204, 46 ALL;
205, ;
206, ;
207, 47 I;
208, 48 DETEST;
209, ;
210, ;
211, ;
212, ;
213, ;
214, 49 DEVIL'S;
215, ;
216, ;
217, ;
218, ;
219, ;
220, 50 LAND;
221, ;
222, ;
223, ;
224, 51 ITS;
225, ;
226, ;
227, 52 NATIVES;
228, ;
229, ;
230, ;
231, ;
232, ;
233, ;
234, 53 EASE;
235, ;
236, ;
237, ;
238, 54 ALL;
239, ;
240, ;
241, 55 ATAVIST;
242, ;
243, ;
244, ;
245, ;
246, ;
247, ;
248, 56 NEEDS;
249, ;
250, ;
251, ;
252, ;
253, 57 VILE;
254, ;
255, ;
256, ;
257, 58 TEENS;
258, ;
259, ;
260, ;
261, ;
262, 59 TASTE;
263, ;
264, ;
265, ;
266, ;
267, 60 TANNED;
268, ;
269, ;
270, ;
271, ;
272, ;
273, 61 TITS;
274, ;
275, ;
276, ;
277, 62 EAT;
278, ;
279, ;
280, 63 SVELTE;
281, ;
282, ;
283, ;
284, ;
285, ;
286, 64 SLITS;
287, ;
288, ;
289, ;
290, ;
291, 65 IDLE;
292, ;
293, ;
294, ;
295, 66 LADIES;
296, ;
297, ;
298, ;
299, ;
300, ;
301, 67 IN;
302, ;
303, 68 VEILS;
304, ;
305, ;
306, ;
307, ;
308, 69 SIN;
309, ;
310, ;
311, 70 AT;
312, ;
313, 71 TEA;
314, ;
315, ;
316, 72 IN;
317, ;
318, 73 VENITIAN;
319, ;
320, ;
321, ;
322, ;
323, ;
324, ;
325, ;
326, 74 TENTS;
327, ;
328, ;
329, ;
330, ;
331, 75 STILL;
332, ;
333, ;
334, ;
335, ;
336, 76 AVID;
337, ;
338, ;
339, ;
340, 77 I;
341, 78 LEAVE;
342, ;
343, ;
344, ;
345, ;
346, 79 IN;
347, ;
348, 80 LENT;
349, ;
350, ;
351, ;
352, 81 LEAVES;
353, ;
354, ;
355, ;
356, ;
357, ;
358, 82 STILL;
359, ;
360, ;
361, ;
362, ;
363, 83 LEAN;
364, ;
365, ;
366, ;
367, 84 I;
368, 85 SET;
369, ;
370, ;
371, 86 SAILS;
372, ;
373, ;
374, ;
375, ;
376, 87 AND;
377, ;
378, ;
379, 88 LEAVE;
380, ;
381, ;
382, ;
383, ;
384, 89 AT;
385, ;
386, 90 LATE;
387, ;
388, ;
389, ;
390, 91 TIDE;
391, ;
392, ;
393, ;
394, 92 I;
395, 93 SEE;
396, ;
397, ;
398, 94 I;
399, 95 LISTEN;
400, ;
401, ;
402, ;
403, ;
404, ;
405, 96 I;
406, 97 INVENT;
407, ;
408, ;
409, ;
410, ;
411, ;
412, 98 I;
413, 99 SEE;
414, ;
415, ;
416, 100 VALIANT;
417, ;
418, ;
419, ;
420, ;
421, ;
422, ;
423, 101 SEA;
424, ;
425, ;
426, 102 TESTED;
427, ;
428, ;
429, ;
430, ;
431, ;
432, 103 VESSELS;
433, ;
434, ;
435, ;
436, ;
437, ;
438, ;
439, 104 DIVE;
440, ;
441, ;
442, ;
443, 105 SLAIN;
444, ;
445, ;
446, ;
447, ;
448, 106 ALIVE;
449, ;
450, ;
451, ;
452, ;
453, 107 IN;
454, ;
455, 108 INTENSE;
456, ;
457, ;
458, ;
459, ;
460, ;
461, ;
462, 109 EVIL;
463, ;
464, ;
465, ;
466, 110 AND;
467, ;
468, ;
469, 111 DEAD;
470, ;
471, ;
472, ;
473, 112 SEAS;
474, ;
475, ;
476, ;
477, 113 DISTENDED;
478, ;
479, ;
480, ;
481, ;
482, ;
483, ;
484, ;
485, ;
486, 114 IN;
487, ;
488, 115 VAST;
489, ;
490, ;
491, ;
492, 116 VISTAS;
493, ;
494, ;
495, ;
496, ;
497, ;
498, 118 I;
499, 119 INVENT;
500, ;
501, ;
502, ;
503, ;
504, ;
505, 120 TALL;
506, ;
507, ;
508, ;
509, 121 TALES;
510, ;
511, ;
512, ;
513, ;
514, 122 AT;
515, ;
516, 123 NITE;
517, ;
518, ;
519, ;
520, 124 VISIT;
521, ;
522, ;
523, ;
524, ;
525, 125 ALIEN;
526, ;
527, ;
528, ;
529, ;
530, 126 LANDS;
531, ;
532, ;
533, ;
534, ;
535, 127 AS;
536, ;
537, 128 A;
538, 129 SAINT;
539, ;
540, ;
541, ;
542, ;
543, 130 VISITS;
544, ;
545, ;
546, ;
547, ;
548, ;
549, 131 SINS;
550, ;
551, ;
552, ;
553, 132 AND;
554, ;
555, ;
556, 133 AS;
557, ;
558, 134 I;
559, 135 STAND;
560, ;
561, ;
562, ;
563, ;
564, 136 LIVID;
565, ;
566, ;
567, ;
568, ;
569, 137 IN;
570, ;
571, 138 SALIENT;
572, ;
573, ;
574, ;
575, ;
576, ;
577, ;
578, 139 DISSENT;
579, ;
580, ;
581, ;
582, ;
583, ;
584, ;
585, 140 STILL;
586, ;
587, ;
588, ;
589, ;
590, 141 AT;
591, ;
592, 142 SEA;
593, ;
594, ;
595, 143 INVALID;
596, ;
597, ;
598, ;
599, ;
600, ;
601, ;
602, 144 AND;
603, ;
604, ;
605, 145 NESTLESS;
606, ;
607, ;
608, ;
609, ;
610, ;
611, ;
612, ;
613, 146 I;
614, 147 LISTEN;
615, ;
616, ;
617, ;
618, ;
619, ;
620, 148 I;
621, 149 LISTEN;
622, ;
623, ;
624, ;
625, ;
626, ;
627, 150 INSIDE;
628, ;
629, ;
630, ;
631, ;
632, ;
633, 151 A;
634, 152 NATIVE;
635, ;
636, ;
637, ;
638, ;
639, ;
640, 153 LAND;
641, ;
642, ;
643, ;
644, 154 INSANE;
645, ;
646, ;
647, ;
648, ;
649, ;
650, 155 AND;
651, ;
652, ;
653, 156 INSATIATE;
654, ;
655, ;
656, ;
657, ;
658, ;
659, ;
660, ;
661, ;
662, 157 STILL;
663, ;
664, ;
665, ;
666, ;
667, 158 SILENT;
668, ;
669, ;
670, ;
671, ;
672, ;
673, 159 ALIVE;
674, ;
675, ;
676, ;
677, ;
678, 160 I;
679, 161 A;
680, 162 SENTIENT;
681, ;
682, ;
683, ;
684, ;
685, ;
686, ;
687, ;
688, 163 ISLAND;
689, ;
690, ;
691, ;
692, ;
693, ;